{
    "model_file": "lmr400.step",
    "port_bounding_boxes": [
        [
            -3.620010100000001,
            3.620010100000001,
            39.999989899999996,
            40.000010100000004,
            -3.618884938842957,
            3.6188849388429567
        ],
        [
            -3.620010100000001,
            3.620010100000001,
            -1.0100000000895092e-05,
            1.0100000000895092e-05,
            -3.618884938842957,
            3.6188849388429567
        ]
    ],
    "bounding_box_padding": 1.0,
    "pml_enable": false,
    "pml_thickness": 10.0,
    "frequency": 10000000000.0,
    "target_elements_per_wavelength": 10,
    "material_assignments": [
        "conductor",
        "dialectric",
        "conductor"
    ],
    "material_definitions": {
        "conductor": {
            "name": "conductor",
            "ep": 1.0,
            "mu": 1.0,
            "tand": 0.0,
            "PEC": true
        },
        "dialectric": {
            "name": "dialectric",
            "ep": 1.38,
            "mu": 1.0,
            "tand": 0.0,
            "PEC": false
        }
    }
}