{
    "model_file": "magic t.step",
    "port_bounding_boxes": [
        [
            -20.0000101,
            20.0000101,
            0.9999899000000001,
            1.0000101000000001,
            -10.000010099999999,
            10.000010099999999
        ],
        [
            79.9999899,
            80.0000101,
            58.999989899999996,
            99.0000101,
            -10.000010099999999,
            10.000010099999999
        ],
        [
            -80.0000101,
            -79.9999899,
            58.999989899999996,
            99.0000101,
            -10.000010099999999,
            10.000010099999999
        ],
        [
            -10.000010099999999,
            10.000010099999999,
            58.999989899999996,
            99.0000101,
            59.999989899999996,
            60.000010100000004
        ]
    ],
    "bounding_box_padding": 10.0,
    "pml_enable": false,
    "pml_thickness": 10.0,
    "frequency": 5000000000.0,
    "target_elements_per_wavelength": 3,
    "material_assignments": [
        "Cond"
    ],
    "material_definitions": {
        "Cond": {
            "name": "Cond",
            "ep": 1.0,
            "mu": 1.0,
            "tand": 0.0,
            "PEC": true
        }
    }
}