{
    "model_file": "waveguide.step",
    "bounding_box_padding": 10.0,
    "pml_enable": false,
    "pml_thickness": 20.0,
    "frequency": 5000000000.0,
    "target_elements_per_wavelength": 3,
    "material_assignments": [
        "Conductor"
    ],
    "material_definitions": {
        "Conductor": {
            "name": "Conductor",
            "ep": 1.0,
            "mu": 1.0,
            "tand": 0.0,
            "PEC": true
        }
    },
    "port_bounding_boxes": [
        [
            -22.5000101,
            22.5000101,
            68.9999899,
            69.0000101,
            -10.000010099999999,
            10.000010099999999
        ],
        [
            -22.5000101,
            22.5000101,
            -1.0100000000000002e-05,
            1.0100000000000002e-05,
            -10.000010099999999,
            10.000010099999999
        ]
    ]
}